staffID,staffFirstName,staffLastName,dept,position,country,email,reportingId,role,password,handoverFrom
130002,Jack,Sim,CEO,MD,Singapore,jack.sim@allinone.com.sg,130002,1,123,
140001,Derek,Tan,Sales,Director,Singapore,derek.tan@allinone.com.sg,130002,1,123,
150008,Eric,Loh,Solutioning,Director,Singapore,eric.loh@allinone.com.sg,130002,1,123,
151408,Philip,Lee,Engineering,Director,Singapore,philip.lee@allinone.com.sg,130002,1,123,
140894,Rahim,Khalid,Sales,Sales Manager,Singapore,rahim.khalid@allinone.com.sg,140001,3,123,
140002,Susan,Goh,Sales,Account Manager,Singapore,susan.goh@allinone.com.sg,140894,2,123,
140003,Janice,Chan,Sales,Account Manager,Singapore,janice.chan@allinone.com.sg,140894,2,123,
140004,Mary,Teo,Sales,Account Manager,Singapore,mary.teo@allinone.com.sg,140894,2,123,
140015,Oliva,Lim,Sales,Account Manager,Singapore,oliva.lim@allinone.com.sg,140894,2,123,
140025,Emma,Heng,Sales,Account Manager,Singapore,emma.heng@allinone.com.sg,140894,2,123,
140036,Charlotte,Wong,Sales,Account Manager,Singapore,charlotte.wong@allinone.com.sg,140894,2,123,
140078,Amelia,Ong,Sales,Account Manager,Singapore,amelia.ong@allinone.com.sg,140894,2,123,
140102,Eva,Yong,Sales,Account Manager,Singapore,eva.yong@allinone.com.sg,140894,2,123,
140108,Liam,The,Sales,Account Manager,Singapore,liam.the@allinone.com.sg,140894,2,123,
140115,Noah,Ng,Sales,Account Manager,Singapore,noah.ng@allinone.com.sg,140894,2,123,
140525,Oliver,Tan,Sales,Account Manager,Singapore,oliver.tan@allinone.com.sg,140894,2,123,
140736,William,Fu,Sales,Account Manager,Singapore,william.fu@allinone.com.sg,140894,2,123,
140878,James,Tong,Sales,Account Manager,Singapore,james.tong@allinone.com.sg,140894,2,123,
140880,Heng,Chan,Sales,Account Manager,Singapore,heng.chan@allinone.com.sg,140008,2,123,
140881,Rina,Tan,Sales,Account Manager,Singapore,rina.tan@allinone.com.sg,140008,2,123,
140882,Boun,Souk,Sales,Account Manager,Singapore,boun.souk@allinone.com.sg,140008,2,123,
140883,Aung,Kyaw,Sales,Account Manager,Singapore,aung.kyaw@allinone.com.sg,140008,2,123,
140886,Thuy,Nguyen,Sales,Account Manager,Singapore,thuy.nguyen@allinone.com.sg,140008,2,123,
140887,Rajesh,Kumar,Sales,Account Manager,Singapore,rajesh.kumar@allinone.com.sg,140008,2,123,
140888,Koh,Lim,Sales,Account Manager,Singapore,koh.lim@allinone.com.sg,140008,2,123,
140889,Somchai,Somboon,Sales,Account Manager,Singapore,somchai.somboon@allinone.com.sg,140008,2,123,
140890,Seng,Lee,Sales,Account Manager,Singapore,seng.lee@allinone.com.sg,140008,2,123,
140891,Anh,Tran,Sales,Account Manager,Singapore,anh.tran@allinone.com.sg,140008,2,123,
140892,Ratana,Chen,Sales,Account Manager,Singapore,ratana.chen@allinone.com.sg,140008,2,123,
140893,Bui,Nguyen,Sales,Account Manager,Singapore,bui.nguyen@allinone.com.sg,140103,2,123,
140895,Dewi,Putri,Sales,Account Manager,Singapore,dewi.putri@allinone.com.sg,140103,2,123,
140898,Sokha,Seng,Sales,Account Manager,Singapore,sokha.seng@allinone.com.sg,140103,2,123,
140900,Tuan,Nguyen,Sales,Account Manager,Singapore,tuan.nguyen@allinone.com.sg,140103,2,123,
140901,Bao,Luu,Sales,Account Manager,Singapore,bao.luu@allinone.com.sg,140103,2,123,
140940,Siti,Ahmad,Sales,Account Manager,Singapore,siti.ahmad@allinone.com.sg,140879,2,123,
140941,Chandra,Rai,Sales,Account Manager,Singapore,chandra.rai@allinone.com.sg,140879,2,123,
140942,Ratana,Keo,Sales,Account Manager,Singapore,ratana.keo@allinone.com.sg,140879,2,123,
140945,Wai,Yong,Sales,Account Manager,Singapore,wai.yong@allinone.com.sg,140879,2,123,
140947,Thi,Pham,Sales,Account Manager,Singapore,thi.pham@allinone.com.sg,140879,2,123,
140948,Nara,Sok,Sales,Account Manager,Singapore,nara.sok@allinone.com.sg,140879,2,123,
140008,Jaclyn,Lee,Sales,Sales Manager,Singapore,jaclyn.lee@allinone.com.sg,140001,3,123,
140927,Chin,Lim,Sales,Account Manager,Hong Kong,chin.lim@allinone.com.hk,140879,2,123,
140928,Sok,Chhay,Sales,Account Manager,Hong Kong,sok.chhay@allinone.com.hk,140879,2,123,
140929,Tat,Nguyen,Sales,Account Manager,Hong Kong,tat.nguyen@allinone.com.hk,140879,2,123,
140933,Hlaing,Sithu,Sales,Account Manager,Hong Kong,hlaing.sithu@allinone.com.hk,140879,2,123,
140934,Santhi,Perumal,Sales,Account Manager,Hong Kong,santhi.perumal@allinone.com.hk,140879,2,123,
140935,Hakim,Siregar,Sales,Account Manager,Hong Kong,hakim.siregar@allinone.com.hk,140879,2,123,
140937,Sirirat,Chaiyaporn,Sales,Account Manager,Hong Kong,sirirat.chaiyaporn@allinone.com.hk,140879,2,123,
140938,Chinh,Tran,Sales,Account Manager,Hong Kong,chinh.tran@allinone.com.hk,140879,2,123,
140103,Sophia,Toh,Sales,Sales Manager,Singapore,sophia.toh@allinone.com.sg,140001,3,123,
140910,Rina,Siriporn,Sales,Account Manager,Indonesia ,rina.siriporn@allinone.com.id,140879,2,123,
140911,Minh,Ly,Sales,Account Manager,Indonesia ,minh.ly@allinone.com.id,140944,2,123,
140912,Chandara,Kim,Sales,Account Manager,Indonesia ,chandara.kim@allinone.com.id,140944,2,123,
140917,Heng,Phan,Sales,Account Manager,Indonesia ,heng.phan@allinone.com.id,140944,2,123,
140918,Nara,Khun,Sales,Account Manager,Indonesia ,nara.khun@allinone.com.id,140944,2,123,
140919,Priya,Malik,Sales,Account Manager,Indonesia ,priya.malik@allinone.com.id,140944,2,123,
140879,Siti,Abdullah,Sales,Sales Manager,Singapore,siti.abdullah@allinone.com.sg,140001,3,123,
140903,Amara,Singh,Sales,Account Manager,Malaysia,amara.singh@allinone.com.my,140944,2,123,
140904,Srey,Mao,Sales,Account Manager,Malaysia,srey.mao@allinone.com.my,140944,2,123,
140905,Phuc,Le,Sales,Account Manager,Malaysia,phuc.le@allinone.com.my,140944,2,123,
140908,Arifin,Saputra,Sales,Account Manager,Malaysia,arifin.saputra@allinone.com.my,140944,2,123,
140909,Siti,Salleh,Sales,Account Manager,Malaysia,siti.salleh@allinone.com.my,140944,2,123,
140944,Yee,Lim,Sales,Sales Manager,Singapore,yee.lim@allinone.com.sg,140001,3,123,
140923,Ngoc,Trinh,Sales,Account Manager,Vietnam,ngoc.trinh@allinone.com.vn,140944,2,123,
140924,Manoj,Kumar,Sales,Account Manager,Vietnam,manoj.kumar@allinone.com.vn,140944,2,123,
140925,Anh,Pham,Sales,Account Manager,Vietnam,anh.pham@allinone.com.vn,140944,2,123,
140926,Somsak,Somsri,Sales,Account Manager,Vietnam,somsak.somsri@allinone.com.vn,140944,2,123,
150143,John,Lim,Engineering,Senior Engineers,Singapore,john.lim@allinone.com.sg,151408,2,123,
150065,Noah,Goh,Engineering,Senior Engineers,Singapore,noah.goh@allinone.com.sg,151408,2,123,
150075,Liam,Tan,Engineering,Senior Engineers,Singapore,liam.tan@allinone.com.sg,151408,2,123,
150076,Oliver,Chan,Engineering,Junior Engineers,Singapore,oliver.chan@allinone.com.sg,151408,2,123,
150085,Michael,Ng,Engineering,Junior Engineers,Singapore,michael.ng@allinone.com.sg,151408,2,123,
150095,Alexander,The,Engineering,Junior Engineers,Singapore,alexander.the@allinone.com.sg,151408,2,123,
150096,Ethan,Tan,Engineering,Junior Engineers,Singapore,ethan.tan@allinone.com.sg,151408,2,123,
150115,Jaclyn,Poh,Engineering,Junior Engineers,Singapore,jaclyn.poh@allinone.com.sg,151408,2,123,
150118,William,Teo,Engineering,Junior Engineers,Singapore,william.teo@allinone.com.sg,151408,2,123,
150125,Mary,Ma,Engineering,Junior Engineers,Singapore,mary.ma@allinone.com.sg,151408,2,123,
150126,Oliva,Lam,Engineering,Junior Engineers,Singapore,oliva.lam@allinone.com.sg,151408,2,123,
150138,Daniel,Fu,Engineering,Junior Engineers,Singapore,daniel.fu@allinone.com.sg,151408,2,123,
150142,James,Lee,Engineering,Junior Engineers,Singapore,james.lee@allinone.com.sg,151408,2,123,
150245,Benjamin,Tan,Engineering,Call Centre,Singapore,benjamin.tan@allinone.com.sg,151408,2,123,
150148,Jack,Heng,Engineering,Call Centre,Singapore,jack.heng@allinone.com.sg,151408,2,123,
150155,Derek,Wong,Engineering,Call Centre,Singapore,derek.wong@allinone.com.sg,151408,2,123,
150162,Jacob,Tong,Engineering,Call Centre,Singapore,jacob.tong@allinone.com.sg,151408,2,123,
150163,Logan,Loh,Engineering,Call Centre,Singapore,logan.loh@allinone.com.sg,151408,2,123,
150165,Jacob,Ming,Engineering,Call Centre,Singapore,jacob.ming@allinone.com.sg,151408,2,123,
150166,James,Fu,Engineering,Call Centre,Singapore,james.fu@allinone.com.sg,151408,2,123,
150168,John,Fu,Engineering,Call Centre,Singapore,john.fu@allinone.com.sg,151408,2,123,
150175,Jack,Tan,Engineering,Call Centre,Singapore,jack.tan@allinone.com.sg,151408,2,123,
150192,Derek,Heng,Engineering,Call Centre,Singapore,derek.heng@allinone.com.sg,151408,2,123,
150193,Benjamin,Wong,Engineering,Call Centre,Singapore,benjamin.wong@allinone.com.sg,151408,2,123,
150198,Lucas,Ong,Engineering,Call Centre,Singapore,lucas.ong@allinone.com.sg,151408,2,123,
150205,Ethan,Yong,Engineering,Call Centre,Singapore,ethan.yong@allinone.com.sg,151408,2,123,
150208,Daniel,Tong,Engineering,Call Centre,Singapore,daniel.tong@allinone.com.sg,151408,2,123,
150215,Jacob,Lee,Engineering,Call Centre,Singapore,jacob.lee@allinone.com.sg,151408,2,123,
150216,Logan,Lim,Engineering,Call Centre,Singapore,logan.lim@allinone.com.sg,151408,2,123,
150232,Jackson,Loh,Engineering,Call Centre,Singapore,jackson.loh@allinone.com.sg,151408,2,123,
150233,Aiden,Tan,Engineering,Call Centre,Singapore,aiden.tan@allinone.com.sg,151408,2,123,
150238,Samuel,Tong,Engineering,Call Centre,Singapore,samuel.tong@allinone.com.sg,151408,2,123,
150345,William,Heng,Engineering,Senior Engineers,Singapore,william.heng@allinone.com.sg,151408,2,123,
150258,Daniel,Heng,Engineering,Senior Engineers,Singapore,daniel.heng@allinone.com.sg,151408,2,123,
150265,Jaclyn,Tong,Engineering,Senior Engineers,Singapore,jaclyn.tong@allinone.com.sg,151408,2,123,
150275,Mary,Fu,Engineering,Junior Engineers,Singapore,mary.fu@allinone.com.sg,151408,2,123,
150276,Oliva,Loh,Engineering,Junior Engineers,Singapore,oliva.loh@allinone.com.sg,151408,2,123,
150282,Jacob,Wong,Engineering,Junior Engineers,Singapore,jacob.wong@allinone.com.sg,151408,2,123,
150283,Logan,Ong,Engineering,Junior Engineers,Singapore,logan.ong@allinone.com.sg,151408,2,123,
150288,Jackson,Yong,Engineering,Junior Engineers,Singapore,jackson.yong@allinone.com.sg,151408,2,123,
150295,Aiden,Toh,Engineering,Junior Engineers,Singapore,aiden.toh@allinone.com.sg,151408,2,123,
150318,Emma,Tan,Engineering,Junior Engineers,Singapore,emma.tan@allinone.com.sg,151408,2,123,
150342,Charlotte,Tan,Engineering,Junior Engineers,Singapore,charlotte.tan@allinone.com.sg,151408,2,123,
150343,Amelia,Tan,Engineering,Junior Engineers,Singapore,amelia.tan@allinone.com.sg,151408,2,123,
150555,Jaclyn,Wong,Engineering,Call Centre,Singapore,jaclyn.wong@allinone.com.sg,151408,2,123,
150348,Eva,Goh,Engineering,Call Centre,Singapore,eva.goh@allinone.com.sg,151408,2,123,
150355,Sophia,Chan,Engineering,Call Centre,Singapore,sophia.chan@allinone.com.sg,151408,2,123,
150356,James,Wong,Engineering,Call Centre,Singapore,james.wong@allinone.com.sg,151408,2,123,
150398,John,Ong,Engineering,Call Centre,Singapore,john.ong@allinone.com.sg,151408,2,123,
150422,Jack,Yong,Engineering,Call Centre,Singapore,jack.yong@allinone.com.sg,151408,2,123,
150423,Derek,Toh,Engineering,Call Centre,Singapore,derek.toh@allinone.com.sg,151408,2,123,
150428,Benjamin,The,Engineering,Call Centre,Singapore,benjamin.the@allinone.com.sg,151408,2,123,
150435,Lucas,Ng,Engineering,Call Centre,Singapore,lucas.ng@allinone.com.sg,151408,2,123,
150445,Ethan,Loh,Engineering,Call Centre,Singapore,ethan.loh@allinone.com.sg,151408,2,123,
150446,Daniel,Tan,Engineering,Call Centre,Singapore,daniel.tan@allinone.com.sg,151408,2,123,
150488,Jacob,Tan,Engineering,Call Centre,Singapore,jacob.tan@allinone.com.sg,151408,2,123,
150512,Logan,Tan,Engineering,Call Centre,Singapore,logan.tan@allinone.com.sg,151408,2,123,
150513,Jackson,Goh,Engineering,Call Centre,Singapore,jackson.goh@allinone.com.sg,151408,2,123,
150518,Aiden,Chan,Engineering,Call Centre,Singapore,aiden.chan@allinone.com.sg,151408,2,123,
150525,Samuel,Teo,Engineering,Call Centre,Singapore,samuel.teo@allinone.com.sg,151408,2,123,
151410,Phuong,Dinh,Engineering,Operation Planning Team,Singapore,phuong.dinh@allinone.com.sg,151408,2,123,
150866,Henry,Chan,Engineering,Senior Engineers,Singapore,henry.chan@allinone.com.sg,151408,2,123,
150565,Benjamin,Ong,Engineering,Senior Engineers,Singapore,benjamin.ong@allinone.com.sg,151408,2,123,
150566,Oliva,Ong,Engineering,Senior Engineers,Singapore,oliva.ong@allinone.com.sg,151408,2,123,
150585,Samuel,Tan,Engineering,Junior Engineers,Singapore,samuel.tan@allinone.com.sg,151408,2,123,
150608,Emma,Yong,Engineering,Junior Engineers,Singapore,emma.yong@allinone.com.sg,151408,2,123,
150615,Sophie,Toh,Engineering,Junior Engineers,Singapore,sophie.toh@allinone.com.sg,151408,2,123,
150632,Charlotte,Toh,Engineering,Junior Engineers,Singapore,charlotte.toh@allinone.com.sg,151408,2,123,
150633,Amelia,The,Engineering,Junior Engineers,Singapore,amelia.the@allinone.com.sg,151408,2,123,
150638,Eva,Ng,Engineering,Junior Engineers,Singapore,eva.ng@allinone.com.sg,151408,2,123,
150645,Sophia,Tan,Engineering,Junior Engineers,Singapore,sophia.tan@allinone.com.sg,151408,2,123,
150655,Lucas,Goh,Engineering,Junior Engineers,Singapore,lucas.goh@allinone.com.sg,151408,2,123,
150695,William,Tan,Engineering,Junior Engineers,Singapore,william.tan@allinone.com.sg,151408,2,123,
150705,Samuel,The,Engineering,Junior Engineers,Singapore,samuel.the@allinone.com.sg,151408,2,123,
150765,Liam,Teo,Engineering,Junior Engineers,Singapore,liam.teo@allinone.com.sg,151408,2,123,
150776,Lucas,Yong,Engineering,Junior Engineers,Singapore,lucas.yong@allinone.com.sg,151408,2,123,
150796,Susan,Teo,Engineering,Junior Engineers,Singapore,susan.teo@allinone.com.sg,151408,2,123,
150826,LiamMing,Fu,Engineering,Junior Engineers,Singapore,liamming.fu@allinone.com.sg,151408,2,123,
150845,Henry,Fu,Engineering,Junior Engineers,Singapore,henry.fu@allinone.com.sg,151408,2,123,
150938,Jani,Tan,Engineering,Junior Engineers,Singapore,jani.tan@allinone.com.sg,151408,2,123,
150968,Noah,Lim,Engineering,Junior Engineers,Singapore,noah.lim@allinone.com.sg,151408,2,123,
150976,Noah,Lee,Engineering,Junior Engineers,Singapore,noah.lee@allinone.com.sg,151408,2,123,
150916,Susan,Ng,Engineering,Operation Planning Team,Singapore,susan.ng@allinone.com.sg,151408,2,123,
150918,Henry,Toh,Engineering,Operation Planning Team,Singapore,henry.toh@allinone.com.sg,151408,2,123,
150935,Susan,Lee,Engineering,Operation Planning Team,Singapore,susan.lee@allinone.com.sg,151408,2,123,
151008,Alexander,Teo,Engineering,Operation Planning Team,Singapore,alexander.teo@allinone.com.sg,151408,2,123,
151055,Liam,Fu,Engineering,Operation Planning Team,Singapore,liam.fu@allinone.com.sg,151408,2,123,
151056,Alexander,Fu,Engineering,Operation Planning Team,Singapore,alexander.fu@allinone.com.sg,151408,2,123,
151058,Janice,Tan,Engineering,Operation Planning Team,Singapore,janice.tan@allinone.com.sg,151408,2,123,
151118,Oliver,Lim,Engineering,Operation Planning Team,Singapore,oliver.lim@allinone.com.sg,151408,2,123,
151146,Janice,Lim,Engineering,Operation Planning Team,Singapore,janice.lim@allinone.com.sg,151408,2,123,
151198,Michael,Tong,Engineering,Operation Planning Team,Singapore,michael.tong@allinone.com.sg,151408,2,123,
151266,Noah,Tong,Engineering,Operation Planning Team,Singapore,noah.tong@allinone.com.sg,151408,2,123,
151288,Mary,Heng,Engineering,Operation Planning Team,Singapore,mary.heng@allinone.com.sg,151408,2,123,
151407,Oliver,Loh,Engineering,Operation Planning Team,Singapore,oliver.loh@allinone.com.sg,151408,2,123,
151441,Minh,Hoang,Engineering,Senior Engineers,Singapore,minh.hoang@allinone.com.sg,151408,2,123,
151411,Bao,Nguyen,Engineering,Junior Engineers,Singapore,bao.nguyen@allinone.com.sg,151408,2,123,
151412,Wati,Halim,Engineering,Junior Engineers,Singapore,wati.halim@allinone.com.sg,151408,2,123,
151413,Seng,Soeun,Engineering,Junior Engineers,Singapore,seng.soeun@allinone.com.sg,151408,2,123,
151452,Rithya,Suon,Engineering,Operation Planning Team,Indonesia ,rithya.suon@allinone.com.id,151408,2,123,
151414,Yun,Lee,Engineering,Operation Planning Team,Indonesia ,yun.lee@allinone.com.id,151408,2,123,
160008,Sally,Loh,HR,Director,Singapore,sally.loh@allinone.com.sg,130002,1,123,
170166,David,Yap,Finance,Director,Singapore,david.yap@allinone.com.sg,130002,1,123,
180001,Ernst,Sim,Consultancy,Director,Singapore,ernst.sim@allinone.com.sg,130002,1,123,
210001,Peter,Yap,IT,Director,Singapore,peter.aypallinone.com.sg,130002,1,123,
190019,Heng,Sim,Solutioning,Developers,Singapore,heng.sim@allinone.com.sg,150008,2,123,
190037,Susi,Abdullah,Solutioning,Developers,Singapore,susi.abdullah@allinone.com.sg,150008,2,123,
190059,Phuc,Le,Solutioning,Support Team,Singapore,phuc.le@allinone.com.sg,150008,2,123,
190067,Minh,Ly,Solutioning,Support Team,Malaysia,minh.ly@allinone.com.sg,150008,2,123,
190070,Narah,Khun,Solutioning,Support Team,Indonesia ,narah.khun@allinone.com.sg,150008,2,123,
190077,Anhu,Pham,Solutioning,Support Team,Vietnam,anhu.pham@allinone.com.sg,150008,2,123,
190086,Hlaing,Situ,Solutioning,Support Team,Hong Kong,hlaing.situ@allinone.com.sg,150008,2,123,
190093,Chandra,Raj,Solutioning,Support Team,Singapore,chandra.raj@allinone.com.sg,150008,2,123,
151505,Thi,Lam,Engineering,Junior Engineers,Singapore,thi.lam@allinone.com.sg,151408,2,123,
151506,Vannak,Sok,Engineering,Junior Engineers,Singapore,vannak.sok@allinone.com.sg,151408,2,123,
151507,Phuong,Nguyen,Engineering,Junior Engineers,Singapore,phuong.nguyen@allinone.com.sg,151408,2,123,
151508,Srey,Makara,Engineering,Junior Engineers,Singapore,srey.makara@allinone.com.sg,151408,2,123,
151509,Hlaing,Kyaw,Engineering,Junior Engineers,Singapore,hlaing.kyaw@allinone.com.sg,151408,2,123,
151512,Chin,Heng,Engineering,Junior Engineers,Singapore,chin.heng@allinone.com.sg,151408,2,123,
151514,Somchai,Phan,Engineering,Junior Engineers,Singapore,somchai.phan@allinone.com.sg,151408,2,123,
151517,Chinh,Tran,Engineering,Junior Engineers,Singapore,chinh.tran@allinone.com.sg,151408,2,123,
151518,Yee,Liu,Engineering,Call Centre,Singapore,yee.liu@allinone.com.sg,151408,2,123,
151520,Sokunthea,Soy,Engineering,Call Centre,Singapore,sokunthea.soy@allinone.com.sg,151408,2,123,
151521,Champa,Thach,Engineering,Call Centre,Singapore,champa.thach@allinone.com.sg,151408,2,123,
151523,Rahim,Ramli,Engineering,Call Centre,Singapore,rahim.ramli@allinone.com.sg,151408,2,123,
151524,Hakim,Hassan,Engineering,Call Centre,Singapore,hakim.hassan@allinone.com.sg,151408,2,123,
151525,Trung,Le,Engineering,Call Centre,Singapore,trung.le@allinone.com.sg,151408,2,123,
151526,Seng,Chhour,Engineering,Call Centre,Singapore,seng.chhour@allinone.com.sg,151408,2,123,
151528,Phuc,Phung,Engineering,Call Centre,Singapore,phuc.phung@allinone.com.sg,151408,2,123,
151533,Soma,San,Engineering,Call Centre,Singapore,soma.san@allinone.com.sg,151408,2,123,
151535,Vannak,Soun,Engineering,Call Centre,Singapore,vannak.soun@allinone.com.sg,151408,2,123,
151536,Kumara,Suon,Engineering,Call Centre,Singapore,kumara.suon@allinone.com.sg,151408,2,123,
151539,Siti,Yusof,Engineering,Junior Engineers,Singapore,siti.yusof@allinone.com.sg,151408,2,123,
151540,Chanh,Sin,Engineering,Junior Engineers,Singapore,chanh.sin@allinone.com.sg,151408,2,123,
151541,Anhu,Tran,Engineering,Junior Engineers,Singapore,anhu.tran@allinone.com.sg,151408,2,123,
151543,Priya,Krishnan,Engineering,Junior Engineers,Singapore,priya.krishnan@allinone.com.sg,151408,2,123,
151544,Nanda,Lal,Engineering,Junior Engineers,Singapore,nanda.lal@allinone.com.sg,151408,2,123,
151545,Rithy,Khun,Engineering,Junior Engineers,Singapore,rithy.khun@allinone.com.sg,151408,2,123,
151547,Koh,Loo,Engineering,Junior Engineers,Singapore,koh.loo@allinone.com.sg,151408,2,123,
151549,Kumari,Pillai,Engineering,Junior Engineers,Singapore,kumari.pillai@allinone.com.sg,151408,2,123,
151556,Thi,Ling,Engineering,Junior Engineers,Singapore,thi.ling@allinone.com.sg,151408,2,123,
151558,Vannak,Seng,Engineering,Junior Engineers,Singapore,vannak.seng@allinone.com.sg,151408,2,123,
151560,Somchai,Kong,Engineering,Junior Engineers,Singapore,somchai.kong@allinone.com.sg,151408,2,123,
151561,Rath,Khun,Engineering,Junior Engineers,Singapore,rath.khun@allinone.com.sg,151408,2,123,
151562,Chinh,Nguyen,Engineering,Call Centre,Singapore,chinh.nguyen@allinone.com.sg,151408,2,123,
151563,Yee,Chong,Engineering,Call Centre,Singapore,yee.chong@allinone.com.sg,151408,2,123,
151564,Heng,Phal,Engineering,Call Centre,Singapore,heng.phal@allinone.com.sg,151408,2,123,
151567,Sokunthea,Seng,Engineering,Call Centre,Singapore,sokunthea.seng@allinone.com.sg,151408,2,123,
151570,Rahim,Harun,Engineering,Call Centre,Singapore,rahim.harun@allinone.com.sg,151408,2,123,
151573,Trung,Nguyen,Engineering,Call Centre,Singapore,trung.nguyen@allinone.com.sg,151408,2,123,
151575,Narong,Savoeun,Engineering,Call Centre,Singapore,narong.savoeun@allinone.com.sg,151408,2,123,
151576,Phuc,Luong,Engineering,Call Centre,Singapore,phuc.luong@allinone.com.sg,151408,2,123,
151579,Soma,Voeun,Engineering,Call Centre,Singapore,soma.voeun@allinone.com.sg,151408,2,123,
151580,Siv,Sothea,Engineering,Call Centre,Singapore,siv.sothea@allinone.com.sg,151408,2,123,
151581,Vannak,Samnang,Engineering,Call Centre,Singapore,vannak.samnang@allinone.com.sg,151408,2,123,
151582,Kumara,Sareth,Engineering,Call Centre,Singapore,kumara.sareth@allinone.com.sg,151408,2,123,
151583,Sok,Kheng,Engineering,Call Centre,Singapore,sok.kheng@allinone.com.sg,151408,2,123,
151584,Siti,Yusuf,Engineering,Call Centre,Singapore,siti.yusuf@allinone.com.sg,151408,2,123,
151589,Anh,Van,Engineering,Junior Engineers,Singapore,anh.van@allinone.com.sg,151408,2,123,
151590,Priya,Kumar,Engineering,Junior Engineers,Malaysia,priya.kumar@allinone.com.my,151408,2,123,
151591,Nanda,Kesavan,Engineering,Junior Engineers,Singapore,nanda.kesavan@allinone.com.sg,151408,2,123,
151595,Mani,Devi,Engineering,Junior Engineers,Singapore,mani.devi@allinone.com.sg,151408,2,123,
151596,Koh,Seng,Engineering,Junior Engineers,Singapore,koh.seng@allinone.com.sg,151408,2,123,
151598,Kumaru,Pillai,Engineering,Junior Engineers,Singapore,kumaru.pillai@allinone.com.sg,151408,2,123,
151439,Ji,Han,Engineering,Senior Engineers,Vietnam,ji.han@allinone.com.vn,151408,2,123,
151443,Anil,Kumar,Engineering,Senior Engineers,Hong Kong,anil.kumar@allinone.com.hk,151408,2,123,
151457,Chandra,Pandey,Engineering,Senior Engineers,Malaysia,chandra.pandey@allinone.com.my,151408,2,123,
151471,Chanh,Ly,Engineering,Senior Engineers,Singapore,chanh.ly@allinone.com.sg,151408,2,123,
151600,Narong,Chua,Engineering,Senior Engineers,Singapore,narong.chua@allinone.com.sg,151408,2,123,
151601,Thi Mih,Ling,Engineering,Operation Planning Team,Singapore,thimih.ling@allinone.com.sg,151408,2,123,
151602,Vannah,Seng,Engineering,Operation Planning Team,Singapore,vannah.seng@allinone.com.sg,151408,2,123,
151603,Phuong,Truong,Engineering,Operation Planning Team,Singapore,phuong.truong@allinone.com.sg,151408,2,123,
151418,Chandara,Khun,Engineering,Senior Engineers,Vietnam,chandara.khun@allinone.com.vn,151408,2,123,
151459,Phalla,Yong,Engineering,Junior Engineers,Vietnam,phalla.yong@allinone.com.vn,151408,2,123,
151481,Phuc,Lam,Engineering,Junior Engineers,Vietnam,phuc.lam@allinone.com.vn,151408,2,123,
151498,Mani,Prasad,Engineering,Junior Engineers,Vietnam,mani.prasad@allinone.com.vn,151408,2,123,
151515,Rath,Sim,Engineering,Junior Engineers,Vietnam,rath.sim@allinone.com.vn,151408,2,123,
151534,Siv,Savuth,Engineering,Junior Engineers,Vietnam,siv.savuth@allinone.com.vn,151408,2,123,
151550,Narong,Chua,Engineering,Junior Engineers,Vietnam,narong.chua@allinone.com.vn,151408,2,123,
151574,Seng,Sao,Engineering,Junior Engineers,Vietnam,seng.sao@allinone.com.vn,151408,2,123,
151593,Rithy,Sok,Engineering,Junior Engineers,Vietnam,rithy.sok@allinone.com.vn,151408,2,123,
151610,Somchai,Kong,Engineering,Junior Engineers,Vietnam,somchai.kong@allinone.com.vn,151408,2,123,
151415,Aung,Tun,Engineering,Junior Engineers,Singapore,aung.tun@allinone.com.sg,151408,2,123,
151417,Pich,Sun,Engineering,Junior Engineers,Singapore,pich.sun@allinone.com.sg,151408,2,123,
151419,Heng,Heng,Engineering,Junior Engineers,Singapore,heng.heng@allinone.com.sg,151408,2,123,
151420,Siti,Ismail,Engineering,Junior Engineers,Singapore,siti.ismail@allinone.com.sg,151408,2,123,
151426,Trung,Trinh,Engineering,Junior Engineers,Singapore,trung.trinh@allinone.com.sg,151408,2,123,
151427,Rahul,Sharma,Engineering,Junior Engineers,Singapore,rahul.sharma@allinone.com.sg,151408,2,123,
151428,Champa,Thao,Engineering,Junior Engineers,Singapore,champa.thao@allinone.com.sg,151408,2,123,
151430,Rithy,Chheng,Engineering,Junior Engineers,Singapore,rithy.chheng@allinone.com.sg,151408,2,123,
151431,Mani,Raj,Engineering,Junior Engineers,Singapore,mani.raj@allinone.com.sg,151408,2,123,
151432,Sokunthea,Phan,Engineering,Junior Engineers,Singapore,sokunthea.phan@allinone.com.sg,151408,2,123,
151435,Somnang,Suon,Engineering,Junior Engineers,Singapore,somnang.suon@allinone.com.sg,151408,2,123,
151438,Rath,Phan,Engineering,Junior Engineers,Singapore,rath.phan@allinone.com.sg,151408,2,123,
151440,Sok,Pich,Engineering,Junior Engineers,Singapore,sok.pich@allinone.com.sg,151408,2,123,
151425,Thuy,Phan,Engineering,Senior Engineers,Hong Kong,thuy.phan@allinone.com.hk,151408,2,123,
151466,Siv,Sun,Engineering,Junior Engineers,Hong Kong,siv.sun@allinone.com.hk,151408,2,123,
151484,Phanith,Sok,Engineering,Junior Engineers,Hong Kong,phanith.sok@allinone.com.hk,151408,2,123,
151502,Kumari,Devi,Engineering,Junior Engineers,Hong Kong,kumari.devi@allinone.com.hk,151408,2,123,
151519,Heng,Chhour,Engineering,Junior Engineers,Hong Kong,heng.chhour@allinone.com.hk,151408,2,123,
151537,Sok,Mao,Engineering,Junior Engineers,Hong Kong,sok.mao@allinone.com.hk,151408,2,123,
151559,Nara,Loo,Engineering,Junior Engineers,Hong Kong,nara.loo@allinone.com.hk,151408,2,123,
151578,Chandara,Tith,Engineering,Junior Engineers,Hong Kong,chandara.tith@allinone.com.hk,151408,2,123,
151597,Arifin,Saputra,Engineering,Junior Engineers,Hong Kong,arifin.saputra@allinone.com.hk,151408,2,123,
151613,Yee,Chong,Engineering,Junior Engineers,Hong Kong,yee.chong@allinone.com.hk,151408,2,123,
151433,Mani,Devi,Engineering,Operation Planning Team,Indonesia ,mani.devi@allinone.com.id,151408,2,123,
151476,Hakim,Rahman,Engineering,Operation Planning Team,Indonesia ,hakim.rahman@allinone.com.id,151408,2,123,
151493,Boun,Sok,Engineering,Operation Planning Team,Indonesia ,boun.sok@allinone.com.id,151408,2,123,
151510,Anh,Ly,Engineering,Operation Planning Team,Indonesia ,anh.ly@allinone.com.id,151408,2,123,
151527,Narong,Mao,Engineering,Operation Planning Team,Indonesia ,narong.mao@allinone.com.id,151408,2,123,
151546,Mani,Choudhury,Engineering,Operation Planning Team,Indonesia ,mani.choudhury@allinone.com.id,151408,2,123,
151568,Champa,Pheap,Engineering,Operation Planning Team,Indonesia ,champa.pheap@allinone.com.id,151408,2,123,
151585,Chanh,Tith,Engineering,Operation Planning Team,Indonesia ,chanh.tith@allinone.com.id,151408,2,123,
151416,Vannak,Chen,Engineering,Senior Engineers,Malaysia,vannak.chen@allinone.com.my,151408,2,123,
151436,Samsul,Rahman,Engineering,Junior Engineers,Malaysia,samsul.rahman@allinone.com.my,151408,2,123,
151479,Narong,Chen,Engineering,Junior Engineers,Malaysia,narong.chen@allinone.com.my,151408,2,123,
151495,Samsul,Saifullah,Engineering,Junior Engineers,Malaysia,samsul.saifullah@allinone.com.my,151408,2,123,
151513,Nara,Yong,Engineering,Junior Engineers,Malaysia,nara.yong@allinone.com.my,151408,2,123,
151531,Chandara,Sin,Engineering,Junior Engineers,Malaysia,chandara.sin@allinone.com.my,151408,2,123,
151548,Arifin,Bakar,Engineering,Junior Engineers,Malaysia,arifin.bakar@allinone.com.my,151408,2,123,
151571,Hakim,Sulaiman,Engineering,Junior Engineers,Malaysia,hakim.sulaiman@allinone.com.my,151408,2,123,
151444,Chinh,Le,Engineering,Senior Engineers,Singapore,chinh.le@allinone.com.sg,151408,2,123,
151446,Seng,Seng,Engineering,Junior Engineers,Singapore,seng.seng@allinone.com.sg,151408,2,123,
151447,Nandah,Kesavan,Engineering,Junior Engineers,Singapore,nandah.kesavan@allinone.com.sg,151408,2,123,
151448,Amirah,Ahmad,Engineering,Junior Engineers,Singapore,amirah.ahmad@allinone.com.sg,151408,2,123,
151450,Sokly,Sok,Engineering,Junior Engineers,Singapore,sokly.sok@allinone.com.sg,151408,2,123,
151451,Trung,Pham,Engineering,Junior Engineers,Singapore,trung.pham@allinone.com.sg,151408,2,123,
151456,Phuc,Vo,Engineering,Junior Engineers,Singapore,phuc.vo@allinone.com.sg,151408,2,123,
151458,Manoj,Singh,Engineering,Junior Engineers,Singapore,manoj.singh@allinone.com.sg,151408,2,123,
151464,Chhaya,Sou,Engineering,Junior Engineers,Singapore,chhaya.sou@allinone.com.sg,151408,2,123,
151465,Soma,Lim,Engineering,Junior Engineers,Singapore,soma.lim@allinone.com.sg,151408,2,123,
151467,Vannak,Mao,Engineering,Junior Engineers,Singapore,vannak.mao@allinone.com.sg,151408,2,123,
151468,Kumara,Seng,Engineering,Junior Engineers,Singapore,kumara.seng@allinone.com.sg,151408,2,123,
151469,Sok,Heng,Engineering,Junior Engineers,Singapore,sok.heng@allinone.com.sg,151408,2,123,
151470,Siti,Saad,Engineering,Junior Engineers,Singapore,siti.saad@allinone.com.sg,151408,2,123,
151472,Anh,Truong,Engineering,Junior Engineers,Singapore,anh.truong@allinone.com.sg,151408,2,123,
151477,Priya,Kaur,Engineering,Junior Engineers,Singapore,priya.kaur@allinone.com.sg,151408,2,123,
151480,Rin,Sok,Engineering,Junior Engineers,Singapore,rin.sok@allinone.com.sg,151408,2,123,
151482,Sok,Chin,Engineering,Junior Engineers,Singapore,sok.chin@allinone.com.sg,151408,2,123,
151483,Chandara,Kong,Engineering,Junior Engineers,Singapore,chandara.kong@allinone.com.sg,151408,2,123,
151485,Heng Meng,Sim,Engineering,Junior Engineers,Singapore,hengmeng.sim@allinone.com.sg,151408,2,123,
151487,Nanda,Devan,Engineering,Junior Engineers,Singapore,nanda.devan@allinone.com.sg,151408,2,123,
151488,Pich,Phan,Engineering,Junior Engineers,Singapore,pich.phan@allinone.com.sg,151408,2,123,
151489,Anil,Sarawat,Engineering,Junior Engineers,Singapore,anil.sarawat@allinone.com.sg,151408,2,123,
151491,Nguyen,Tuan,Engineering,Junior Engineers,Singapore,nguyen.tuan@allinone.com.sg,151408,2,123,
151492,Bao,Kim,Engineering,Junior Engineers,Singapore,bao.kim@allinone.com.sg,151408,2,123,
151494,Soma,Khun,Engineering,Junior Engineers,Singapore,soma.khun@allinone.com.sg,151408,2,123,
151496,Rina,Li,Engineering,Junior Engineers,Singapore,rina.li@allinone.com.sg,151408,2,123,
151499,Koh Mong,Seng,Engineering,Junior Engineers,Singapore,kohmong.seng@allinone.com.sg,151408,2,123,
151500,Arifin,Siregar,Engineering,Junior Engineers,Singapore,arifin.siregar@allinone.com.sg,151408,2,123,
151503,Narong,Khun,Engineering,Junior Engineers,Singapore,narong.khun@allinone.com.sg,151408,2,123,
151605,Srey,Suon,Engineering,Junior Engineers,Singapore,srey.suon@allinone.com.sg,151408,2,123,
151606,Hlaing,Myat,Engineering,Junior Engineers,Indonesia ,hlaing.myat@allinone.com.id,151408,2,123,
151607,Anh,Vo,Engineering,Junior Engineers,Singapore,anh.vo@allinone.com.sg,151408,2,123,
151608,Chin,Chen,Engineering,Junior Engineers,Malaysia,chin.chen@allinone.com.my,151408,2,123,
151609,Nara,Loo,Engineering,Junior Engineers,Singapore,nara.loo@allinone.com.sg,151408,2,123,
151611,Rith,Khun,Engineering,Junior Engineers,Singapore,rith.khun@allinone.com.sg,151408,2,123,
151612,Chinu,Nguyen,Engineering,Junior Engineers,Singapore,chinu.nguyen@allinone.com.sg,151408,2,123,
160075,James,Tan,HR,HR Team,Singapore,james.tan@allinone.com.sg,160008,1,123,
160302,Kumar,Sareth,HR,HR Team,Singapore,kumar.sareth@allinone.com.sg,160008,1,123,
160306,An,Van,HR,LD Team,Singapore,an.van@allinone.com.sg,160008,2,123,
160318,Nurong,Chua,HR,Admin Team,Singapore,nurong.chua@allinone.com.sg,160008,2,123,
160328,Hlaing,Myat,HR,LD Team,Singapore,hlaing.myat@allinone.com.sg,160008,2,123,
160335,Yee Meng,Chong,HR,Admin Team,Singapore,yeemeng.chong@allinone.com.sg,160008,2,123,
160065,John,Tan,HR,HR Team,Singapore,john.tan@allinone.com.sg,160008,1,123,
160076,Jack,Goh,HR,HR Team,Singapore,jack.goh@allinone.com.sg,160008,1,123,
160118,Derek,Chan,HR,HR Team,Singapore,derek.chan@allinone.com.sg,160008,1,123,
160135,Jaclyn,Ong,HR,HR Team,Singapore,jaclyn.ong@allinone.com.sg,160008,1,123,
160142,Benjamin,Teo,HR,HR Team,Singapore,benjamin.teo@allinone.com.sg,160008,1,123,
160143,Lucas,Lee,HR,HR Team,Singapore,lucas.lee@allinone.com.sg,160008,1,123,
160145,Mary,Wong,HR,HR Team,Singapore,mary.wong@allinone.com.sg,160008,1,123,
160146,Oliva,Yong,HR,HR Team,Singapore,oliva.yong@allinone.com.sg,160008,1,123,
160148,Henry,Lim,HR,HR Team,Singapore,henry.lim@allinone.com.sg,160008,1,123,
160155,Alexander,Heng,HR,HR Team,Singapore,alexander.heng@allinone.com.sg,160008,1,123,
160188,Emma,Toh,HR,HR Team,Singapore,emma.toh@allinone.com.sg,160008,1,123,
160212,Charlotte,The,HR,HR Team,Singapore,charlotte.the@allinone.com.sg,160008,1,123,
160213,Amelia,Ng,HR,HR Team,Singapore,amelia.ng@allinone.com.sg,160008,1,123,
160218,Eva,Tan,HR,HR Team,Singapore,eva.tan@allinone.com.sg,160008,1,123,
160225,Sophia,Fu,HR,HR Team,Singapore,sophia.fu@allinone.com.sg,160008,1,123,
160258,Michael,Chen,HR,HR Team,Singapore,michael.chen@allinone.com.sg,160008,1,123,
160282,Ethan,Loo,HR,HR Team,Singapore,ethan.loo@allinone.com.sg,160008,1,123,
160283,Somchai,Pong,HR,HR Team,Singapore,somchai.pong@allinone.com.sg,160008,1,123,
160284,Ruth,Khu,HR,HR Team,Singapore,ruth.khu@allinone.com.sg,160008,1,123,
160286,Chin Min,Nguyen,HR,HR Team,Singapore,chinmin@allinone.com.sg,160008,1,123,
160287,Yee,Phal,HR,HR Team,Singapore,yee.phal@allinone.com.sg,160008,1,123,
160288,Heng,Seng,HR,HR Team,Singapore,heng.seng@allinone.com.sg,160008,1,123,
160289,Sokunthea,Pheap,HR,HR Team,Singapore,sokunthea.pheap@allinone.com.sg,160008,1,123,
160290,Champa,Harun,HR,HR Team,Singapore,champa.harun@allinone.com.sg,160008,1,123,
160291,Rahim,Kesavan,HR,HR Team,Singapore,rahim.kesavan@allinone.com.sg,160008,1,123,
160293,Hakim,Pillai,HR,HR Team,Singapore,hakim.pillai@allinone.com.sg,160008,1,123,
160294,Trung,Truong,HR,HR Team,Singapore,trung.truong@allinone.com.sg,160008,1,123,
160295,Seng,Kong,HR,HR Team,Singapore,seng.kong@allinone.com.sg,160008,1,123,
160296,Narong,Luong,HR,HR Team,Singapore,narong.luong@allinone.com.sg,160008,1,123,
160297,Phuc,Tan,HR,HR Team,Singapore,phuc.tan@allinone.com.sg,160008,1,123,
160298,Chandara,Wong,HR,HR Team,Singapore,chandara.wong@allinone.com.sg,160008,1,123,
160299,Soma,Ong,HR,HR Team,Singapore,soma.ong@allinone.com.sg,160008,1,123,
160300,Siv,Tan,HR,HR Team,Singapore,siv.tan@allinone.com.sg,160008,1,123,
160301,Vannak,Goh,HR,HR Team,Singapore,vannak.goh@allinone.com.sg,160008,1,123,
160303,Sok,Chan,HR,LD Team,Singapore,sok.chan@allinone.com.sg,160008,2,123,
160304,Siti,Teo,HR,LD Team,Singapore,siti.teo@allinone.com.sg,160008,2,123,
160305,Chanh,Tith,HR,LD Team,Singapore,chanh.tith@allinone.com.sg,160008,2,123,
160307,Priya,Kumar,HR,LD Team,Singapore,priya.kumar@allinone.com.sg,160008,2,123,
160308,Vannah,Kesavan,HR,LD Team,Singapore,vannah.kesavan@allinone.com.sg,160008,2,123,
160313,Srey,Sok,HR,LD Team,Singapore,srey.sok@allinone.com.sg,160008,2,123,
160314,Hlaing,Devi,HR,LD Team,Singapore,hlaing.devi@allinone.com.sg,160008,2,123,
160315,Anh,Seng,HR,Admin Team,Singapore,anh.seng@allinone.com.sg,160008,2,123,
160316,Chin,Saputra,HR,Admin Team,Singapore,chin.saputra@allinone.com.sg,160008,2,123,
160317,Nara,Pillai,HR,Admin Team,Singapore,nara.pillai@allinone.com.sg,160008,2,123,
160323,Chandara,Ling,HR,LD Team,Singapore,chandara.ling@allinone.com.sg,160008,2,123,
160324,Soma,Seng,HR,LD Team,Singapore,soma.seng@allinone.com.sg,160008,2,123,
160325,Siv,Truong,HR,LD Team,Singapore,siv.truong@allinone.com.sg,160008,2,123,
160326,Vannak,Suon,HR,LD Team,Singapore,vannak.suon@allinone.com.sg,160008,2,123,
160329,Kumara,Vo,HR,LD Team,Singapore,kumara.vo@allinone.com.sg,160008,2,123,
160330,Ruth,Chen,HR,LD Team,Singapore,ruth.chen@allinone.com.sg,160008,2,123,
160331,Chinh,Loo,HR,LD Team,Singapore,chinh.loo@allinone.com.sg,160008,2,123,
160332,Yee,Kong,HR,LD Team,Singapore,yee.kong@allinone.com.sg,160008,2,123,
160333,Heng,Khun,HR,LD Team,Singapore,heng.khun@allinone.com.sg,160008,2,123,
160334,Sokunthe,Nguyen,HR,LD Team,Singapore,sokunthe.nguyen@allinone.com.sg,160008,2,123,
160336,Champa,Phal,HR,Admin Team,Singapore,champa.phal@allinone.com.sg,160008,2,123,
160337,Rahim,Seng,HR,Admin Team,Singapore,rahim.seng@allinone.com.sg,160008,2,123,
160338,Hakim,Pheap,HR,Admin Team,Singapore,hakim.pheap@allinone.com.sg,160008,2,123,
160339,Trung,Harun,HR,Admin Team,Singapore,trung.harun@allinone.com.sg,160008,2,123,
171009,Seng,Kesavan,Finance,Finance Manager,Singapore,seng.kesavan@allinone.com.sg,170166,3,123,
171014,Narong,Pillai,Finance,Finance Manager,Singapore,narong.pillai@allinone.com.sg,170166,3,123,
171018,Ji,Truong,Finance,Finance Manager,Singapore,ji.truong@allinone.com.sg,170166,3,123,
171029,Chandra,Kong,Finance,Finance Manager,Singapore,chandra.kong@allinone.com.sg,170166,3,123,
171043,Rithy,Luong,Finance,Finance Manager,Singapore,rithy.luong@allinone.com.sg,170166,3,123,
170208,Mani,Tan,Finance,Finance Executive,Singapore,mani.tan@allinone.com.sg,171009,2,123,
170215,Sokunthea,Wong,Finance,Finance Executive,Singapore,sokunthea.wong@allinone.com.sg,171009,2,123,
170216,Mani,Ong,Finance,Finance Executive,Singapore,mani.ong@allinone.com.sg,171009,2,123,
170232,Somnang,Tan,Finance,Finance Executive,Singapore,somnang.tan@allinone.com.sg,171009,2,123,
170233,Logan,Goh,Finance,Finance Executive,Singapore,logan.goh@allinone.com.sg,171009,2,123,
170238,Jackson,Chan,Finance,Finance Executive,Singapore,jackson.chan@allinone.com.sg,171009,2,123,
170245,Aiden,Teo,Finance,Finance Executive,Singapore,aiden.teo@allinone.com.sg,171009,2,123,
170655,Samuel,Lee,Finance,Finance Executive,Singapore,samuel.lee@allinone.com.sg,171009,2,123,
170866,Susan,Lim,Finance,Finance Executive,Singapore,susan.lim@allinone.com.sg,171009,2,123,
171008,Janice,Heng,Finance,Finance Executive,Singapore,janice.heng@allinone.com.sg,171009,2,123,
171010,Rithy,Saad,Finance,Finance Executive,Singapore,rithy.saad@allinone.com.sg,171014,2,123,
171011,Mani,Ly,Finance,Finance Executive,Singapore,mani.ly@allinone.com.sg,171014,2,123,
171012,Koh,Truong,Finance,Finance Executive,Singapore,koh.truong@allinone.com.sg,171014,2,123,
171013,Arifin,Rahman,Finance,Finance Executive,Singapore,arifin.rahman@allinone.com.sg,171014,2,123,
171015,Narong,Kaur,Finance,Finance Executive,Singapore,narong.kaur@allinone.com.sg,171018,2,123,
171016,Thi,Chen,Finance,Finance Executive,Singapore,thi.chen@allinone.com.sg,171018,2,123,
171017,Vannah,Sok,Finance,Finance Executive,Singapore,vannah.sok@allinone.com.sg,171018,2,123,
171022,Srey,Lam,Finance,Finance Executive,Singapore,srey.lam@allinone.com.sg,171029,2,123,
171023,Hlaing,Chin,Finance,Finance Executive,Singapore,hlaing.chin@allinone.com.sg,171029,2,123,
171024,Anh,Kong,Finance,Finance Executive,Singapore,anh.kong@allinone.com.sg,171029,2,123,
171026,Chin,Sok,Finance,Finance Executive,Singapore,chin.sok@allinone.com.sg,171029,2,123,
171027,Nara,Devan,Finance,Finance Executive,Singapore,nara.devan@allinone.com.sg,171029,2,123,
171044,Chandara,Phan,Finance,Finance Executive,Singapore,chandara.phan@allinone.com.sg,171029,2,123,
171045,Soma,Sarawat,Finance,Finance Executive,Singapore,soma.sarawat@allinone.com.sg,171029,2,123,
171046,Siv,Tuan,Finance,Finance Executive,Singapore,siv.tuan@allinone.com.sg,171029,2,123,
171047,Vannak,Kim,Finance,Finance Executive,Singapore,vannak.kim@allinone.com.sg,171029,2,123,
171048,Kumara,Sok,Finance,Finance Executive,Singapore,kumara.sok@allinone.com.sg,171029,2,123,
171030,Ruth,Khun,Finance,Finance Executive,Singapore,ruth.khun@allinone.com.sg,171043,2,123,
171031,Chinh,Saifullah,Finance,Finance Executive,Singapore,chinh.saifullah@allinone.com.sg,171043,2,123,
171032,Yee,Li,Finance,Finance Executive,Singapore,yee.li@allinone.com.sg,171043,2,123,
171033,Heng,Prasad,Finance,Finance Executive,Singapore,heng.prasad@allinone.com.sg,171043,2,123,
171034,Sokunthe,Seng,Finance,Finance Executive,Singapore,sokunthe.seng@allinone.com.sg,171043,2,123,
171035,Champa,Siregar,Finance,Finance Executive,Singapore,champa.siregar@allinone.com.sg,171043,2,123,
171036,Rahim,Devi,Finance,Finance Executive,Singapore,rahim.devi@allinone.com.sg,171043,2,123,
171038,Hakim,Myat,Finance,Finance Executive,Singapore,hakim.myat@allinone.com.sg,171043,2,123,
171039,Trung,Chen,Finance,Finance Executive,Singapore,trung.chen@allinone.com.sg,171043,2,123,
171041,Seng,Loo,Finance,Finance Executive,Singapore,seng.loo@allinone.com.sg,171043,2,123,
171042,Narong,Kong,Finance,Finance Executive,Singapore,narong.kong@allinone.com.sg,171043,2,123,
180012,Ji,Khung,Consultancy,Counsultant,Singapore,ji.khung@allinone.com.sg,180001,2,123,
180029,Chandra,Nguyen,Consultancy,Counsultant,Singapore,chandra.nguyen@allinone.com.sg,180001,2,123,
180002,Rithy,Chong,Consultancy,Counsultant,Singapore,rithy.chong@allinone.com.sg,180001,2,123,
180003,Mani,Phalp,Consultancy,Counsultant,Singapore,mani.phalp@allinone.com.sg,180001,2,123,
180004,Sokunthea,Beng,Consultancy,Counsultant,Singapore,sokunthea.beng@allinone.com.sg,180001,2,123,
180005,Mani,Pheap,Consultancy,Counsultant,Singapore,mani.pheap@allinone.com.sg,180001,2,123,
180006,Somnang,Harun,Consultancy,Counsultant,Singapore,somnang.harun@allinone.com.sg,180001,2,123,
180010,Samsul,Rahman,Consultancy,Counsultant,Singapore,samsul.rahman@allinone.com.sg,180001,2,123,
180011,Bui Lui,Phan,Consultancy,Counsultant,Singapore,bui lui.phan@allinone.com.sg,180001,2,123,
180013,Rahim,Pich,Consultancy,Counsultant,Singapore,rahim.pich@allinone.com.sg,180001,2,123,
180014,Dewi,Hoang,Consultancy,Counsultant,Singapore,dewi.hoang@allinone.com.sg,180001,2,123,
180015,Sokha,Kumar,Consultancy,Counsultant,Singapore,sokha.kumar@allinone.com.sg,180001,2,123,
180019,Tuan,Le,Consultancy,Counsultant,Singapore,tuan.le@allinone.com.sg,180001,2,123,
180020,Bao,Seng,Consultancy,Counsultant,Singapore,bao.seng@allinone.com.sg,180001,2,123,
180021,Amara,Kesavan,Consultancy,Counsultant,Singapore,amara.kesavan@allinone.com.sg,180001,2,123,
180022,Srey,Ahmad,Consultancy,Counsultant,Singapore,srey.ahmad@allinone.com.sg,180001,2,123,
180023,Arifi,Sok,Consultancy,Counsultant,Singapore,arifi.sok@allinone.com.sg,180001,2,123,
180025,Chin,Pham,Consultancy,Counsultant,Singapore,chin.pham@allinone.com.sg,180001,2,123,
180026,Siti,Suon,Consultancy,Counsultant,Singapore,siti.suon@allinone.com.sg,180001,2,123,
180027,Siti,Vo,Consultancy,Counsultant,Singapore,siti.vo@allinone.com.sg,180001,2,123,
180030,Rina,Singh,Consultancy,Counsultant,Singapore,rina.singh@allinone.com.sg,180001,2,123,
180032,Chandara,Yong,Consultancy,Counsultant,Singapore,chandara.yong@allinone.com.sg,180001,2,123,
180033,Heng Meng,Sou,Consultancy,Counsultant,Singapore,heng meng.sou@allinone.com.sg,180001,2,123,
180034,Priya,Lim,Consultancy,Counsultant,Singapore,priya.lim@allinone.com.sg,180001,2,123,
180036,Ngoc,Sun,Consultancy,Counsultant,Singapore,ngoc.sun@allinone.com.sg,180001,2,123,
180037,Manoj,Mao,Consultancy,Counsultant,Singapore,manoj.mao@allinone.com.sg,180001,2,123,
180038,Somi,Seng,Consultancy,Counsultant,Singapore,somi.seng@allinone.com.sg,180001,2,123,
190003,Chin Meng,Heng,Solutioning,Developers,Singapore,chinmeng.heng@allinone.com.sg,150008,2,123,
190004,Sok,Saad,Solutioning,Developers,Singapore,sok.saad@allinone.com.sg,150008,2,123,
190005,Tatkong,Ly,Solutioning,Developers,Singapore,tatkong.ly@allinone.com.sg,150008,2,123,
190006,Sani,Truong,Solutioning,Developers,Singapore,sani.truong@allinone.com.sg,150008,2,123,
190008,Kakim,Rahman,Solutioning,Developers,Singapore,kakim.rahman@allinone.com.sg,150008,2,123,
190009,Siri,Kaur,Solutioning,Developers,Singapore,siri.kaur@allinone.com.sg,150008,2,123,
190010,Rata,Chen,Solutioning,Developers,Singapore,rata.chen@allinone.com.sg,150008,2,123,
190014,Yee Meng,Sok,Solutioning,Developers,Singapore,yee meng.sok@allinone.com.sg,150008,2,123,
190015,Wai Wai,Lam,Solutioning,Developers,Singapore,wai wai.lam@allinone.com.sg,150008,2,123,
190016,Thin,Chin,Solutioning,Developers,Singapore,thin.chin@allinone.com.sg,150008,2,123,
190017,Nara,Kong,Solutioning,Developers,Singapore,nara.kong@allinone.com.sg,150008,2,123,
190018,Manni,Sok,Solutioning,Developers,Singapore,manni.sok@allinone.com.sg,150008,2,123,
190021,An,Devan,Solutioning,Developers,Singapore,an.devan@allinone.com.sg,150008,2,123,
190022,Rithe,Phan,Solutioning,Developers,Singapore,rithe.phan@allinone.com.sg,150008,2,123,
190024,Koh Kok,Sarawat,Solutioning,Developers,Singapore,koh kok.sarawat@allinone.com.sg,150008,2,123,
190025,Arifi,Tuan,Solutioning,Developers,Singapore,arifi.tuan@allinone.com.sg,150008,2,123,
190026,Kumar,Kim,Solutioning,Developers,Singapore,kumar.kim@allinone.com.sg,150008,2,123,
190027,Narong,Sok,Solutioning,Developers,Singapore,narong.sok@allinone.com.sg,150008,2,123,
190028,Thin,Khun,Solutioning,Developers,Singapore,thin.khun@allinone.com.sg,150008,2,123,
190029,Vannak,Saifullah,Solutioning,Developers,Singapore,vannak.saifullah@allinone.com.sg,150008,2,123,
190030,Phuon,Li,Solutioning,Developers,Singapore,phuon.li@allinone.com.sg,150008,2,123,
190031,Sri,Prasad,Solutioning,Developers,Singapore,sri.prasad@allinone.com.sg,150008,2,123,
190032,Haing,Seng,Solutioning,Developers,Singapore,haing.seng@allinone.com.sg,150008,2,123,
190033,Chin Chin,Siregar,Solutioning,Developers,Singapore,chin chin.siregar@allinone.com.sg,150008,2,123,
190035,Kumari,Devi,Solutioning,Developers,Singapore,kumari.devi@allinone.com.sg,150008,2,123,
190036,Narong,Myat,Solutioning,Developers,Singapore,narong.myat@allinone.com.sg,150008,2,123,
190038,Heng,Chen,Solutioning,Developers,Singapore,heng.chen@allinone.com.sg,150008,2,123,
190040,Rina,Loo,Solutioning,Developers,Singapore,rina.loo@allinone.com.sg,150008,2,123,
190041,Boun,Kong,Solutioning,Developers,Singapore,boun.kong@allinone.com.sg,150008,2,123,
190042,Aung,Khung,Solutioning,Developers,Singapore,aung.khung@allinone.com.sg,150008,2,123,
190043,Thu,Nguyen,Solutioning,Developers,Singapore,thu.nguyen@allinone.com.sg,150008,2,123,
190044,Rajesh,Chong,Solutioning,Developers,Singapore,rajesh.chong@allinone.com.sg,150008,2,123,
190045,Koh,Phalp,Solutioning,Developers,Singapore,koh.phalp@allinone.com.sg,150008,2,123,
190046,Somchai,Seng,Solutioning,Developers,Singapore,somchai.seng@allinone.com.sg,150008,2,123,
190047,Seng,Pheap,Solutioning,Developers,Singapore,seng.pheap@allinone.com.sg,150008,2,123,
190048,Anh,Harun,Solutioning,Developers,Singapore,anh.harun@allinone.com.sg,150008,2,123,
190049,Ratana,Sulaiman,Solutioning,Developers,Singapore,ratana.sulaiman@allinone.com.sg,150008,2,123,
190050,Bui Lui,Nguyen,Solutioning,Developers,Singapore,builui.nguyen@allinone.com.sg,150008,2,123,
190051,Rahim,Saon,Solutioning,Developers,Singapore,rahim.saon@allinone.com.sg,150008,2,123,
190052,Dewi,Savoeun,Solutioning,Developers,Singapore,dewi.savoeun@allinone.com.sg,150008,2,123,
190054,Sokha,Luon,Solutioning,Developers,Singapore,sokha.luon@allinone.com.sg,150008,2,123,
190055,Tuan,Tithe,Solutioning,Developers,Singapore,tuan.tithe@allinone.com.sg,150008,2,123,
190056,Bao,Lu,Solutioning,Developers,Singapore,bao.lu@allinone.com.sg,150008,2,123,
190057,Amara,Singh,Solutioning,Developers,Singapore,amara.singh@allinone.com.sg,150008,2,123,
190058,Srey,Mao,Solutioning,Developers,Singapore,srey.mao@allinone.com.sg,150008,2,123,
190064,Arifi,Sapu,Solutioning,Support Team,Singapore,arifi.sapu@allinone.com.sg,150008,2,123,
190091,Chin,Tran,Solutioning,Support Team,Singapore,chin.tran@allinone.com.sg,150008,2,123,
190092,Siti,Ahmah,Solutioning,Support Team,Singapore,siti.ahmah@allinone.com.sg,150008,2,123,
190065,Siti,Salah,Solutioning,Support Team,Malaysia,siti.salah@allinone.com.my,150008,2,123,
190066,Rina,Siriporn,Solutioning,Support Team,Malaysia,rina.siriporn@allinone.com.my,150008,2,123,
190068,Chandara,Kim,Solutioning,Support Team,Malaysia,chandara.kim@allinone.com.my,150008,2,123,
190069,Heng Meng,Phan,Solutioning,Support Team,Indonesia ,hengmeng.phan@allinone.com.id,150008,2,123,
190074,Priya,Maliki,Solutioning,Support Team,Indonesia ,priya.maliki@allinone.com.id,150008,2,123,
190075,Ngoc,Trinh,Solutioning,Support Team,Indonesia ,ngoc.trinh@allinone.com.id,150008,2,123,
190076,Manoj,Kumar,Solutioning,Support Team,Indonesia ,manoj.kumar@allinone.com.id,150008,2,123,
190078,Somi,Somsri,Solutioning,Support Team,Vietnam,somi.somsri@allinone.com.vn,150008,2,123,
190079,Chin,Lim,Solutioning,Support Team,Vietnam,chin.lim@allinone.com.vn,150008,2,123,
190080,Sok,Chay,Solutioning,Support Team,Hong Kong,sok.chay@allinone.com.hk,150008,2,123,
190082,Tatkong,Nguyen,Solutioning,Support Team,Hong Kong,tatkong.nguyen@allinone.com.hk,150008,2,123,
190087,Sani,Perumal,Solutioning,Support Team,Hong Kong,sani.perumal@allinone.com.hk,150008,2,123,
190088,Kakim,Siregar,Solutioning,Support Team,Hong Kong,kakim.siregar@allinone.com.hk,150008,2,123,
190089,Siri,Chaiyaporn,Solutioning,Support Team,Hong Kong,siri.chaiyaporn@allinone.com.hk,150008,2,123,
190094,Rata,Keo,Solutioning,Support Team,Singapore,rata.keo@allinone.com.sg,150008,2,123,
190095,Yee Meng,Lim,Solutioning,Support Team,Singapore,yeemeng.lim@allinone.com.sg,150008,2,123,
190096,Wai Wai,Yong,Solutioning,Support Team,Singapore,waiwai.yong@allinone.com.sg,150008,2,123,
190097,Thin,Pham,Solutioning,Support Team,Singapore,thin.pham@allinone.com.sg,150008,2,123,
190098,Nara,Sook,Solutioning,Support Team,Singapore,nara.sook@allinone.com.sg,150008,2,123,
210018,Manni,Devi,IT,IT Team,Singapore,manni.devi@allinone.com.sg,210001,2,123,
210028,An,Vo,IT,IT Team,Singapore,an.vo@allinone.com.sg,210001,2,123,
210017,Rithe,Sok,IT,IT Team,Singapore,rithe.sok@allinone.com.sg,210001,2,123,
210019,Koh Kok,Seng,IT,IT Team,Singapore,kohkok.seng@allinone.com.sg,210001,2,123,
210020,Arifi,Saputra,IT,IT Team,Singapore,arifi.saputra@allinone.com.sg,210001,2,123,
210021,Kumar,Pillai,IT,IT Team,Singapore,kumar.pillai@allinone.com.sg,210001,2,123,
210022,Narong,Phua,IT,IT Team,Singapore,narong.phua@allinone.com.sg,210001,2,123,
210023,Thin,Ling,IT,IT Team,Singapore,thin.ling@allinone.com.sg,210001,2,123,
210024,Vannak,Teng,IT,IT Team,Singapore,vannak.teng@allinone.com.sg,210001,2,123,
210025,Phuon,Truong,IT,IT Team,Singapore,phuon.truong@allinone.com.sg,210001,2,123,
210026,Sri,Suon,IT,IT Team,Singapore,sri.suon@allinone.com.sg,210001,2,123,
210027,Haing,Myat,IT,IT Team,Singapore,haing.myat@allinone.com.sg,210001,2,123,
210029,Chin Chin,Chen,IT,IT Team,Singapore,chinchin.chen@allinone.com.sg,210001,2,123,
210030,Narah,Loo,IT,IT Team,Singapore,narah.loo@allinone.com.sg,210001,2,123,
210031,Somachai,Kong,IT,IT Team,Singapore,somachai.kong@allinone.com.sg,210001,2,123,
210032,Rath,Khung,IT,IT Team,Singapore,rath.khung@allinone.com.sg,210001,2,123,
210033,Chin,Nguyen,IT,IT Team,Singapore,chin.nguyen@allinone.com.sg,210001,2,123,
210034,Yee Seng,Chong,IT,IT Team,Singapore,yeeseng.chong@allinone.com.sg,210001,2,123,
210035,Heng,Phalp,IT,IT Team,Singapore,heng.phalp@allinone.com.sg,210001,2,123,
210036,Sokuntheap,Seng,IT,IT Team,Singapore,sokuntheap.seng@allinone.com.sg,210001,2,123,
210037,Champan,Pheap,IT,IT Team,Singapore,champan.pheap@allinone.com.sg,210001,2,123,
210038,Kahim,Harun,IT,IT Team,Singapore,kahim.harun@allinone.com.sg,210001,2,123,
210039,Halim,Sulaiman,IT,IT Team,Singapore,halim.sulaiman@allinone.com.sg,210001,2,123,
210040,Trong,Nguyen,IT,IT Team,Singapore,trong.nguyen@allinone.com.sg,210001,2,123,
210041,Seng,Saon,IT,IT Team,Singapore,seng.saon@allinone.com.sg,210001,2,123,
210042,Naron,Savoeun,IT,IT Team,Singapore,naron.savoeun@allinone.com.sg,210001,2,123,
210043,Phuc,Luon,IT,IT Team,Singapore,phuc.luon@allinone.com.sg,210001,2,123,
210044,Chandara,Tithe,IT,IT Team,Singapore,tithe.chandra@allinone.com.sg,210001,2,123,
